Code établissement;Appellation officielle;Dénomination principale;Patronyme uai;Secteur Public/Privé;Adresse;Lieu dit;Boite postale;Code postal;Localite d'acheminement;Commune;Coordonnee X;Coordonnee Y;EPSG;Latitude;Longitude;Qualité d'appariement;Localisation;Code nature;Nature;Code état établissement;Etat établissement;Code département;Code région;Code académie;Code commune;Département;Région;Académie;Position;secteur_prive_code_type_contrat;secteur_prive_libelle_type_contrat;code_ministere;libelle_ministere;date_ouverture
0420574W;Ecole élémentaire Fauriel;ECOLE ELEMENTAIRE PUBLIQUE;FAURIEL ELEMENTAIRE;Public;16 cours Fauriel;;;42100;ST ETIENNE;Saint-Etienne;809164.0;6482149.1;EPSG:2154;45.43008612486574;4.396130601469769;Correcte;Numéro de rue;151;ECOLE DE NIVEAU ELEMENTAIRE;1;OUVERT;42;84;10;42218;Loire;Auvergne-Rhône-Alpes;Lyon;45.4300861249,4.39613060147;99;SANS OBJET;06;MINISTERE DE L'EDUCATION NATIONALE;1965-07-05
0420674E;Ecole maternelle Soleil;ECOLE MATERNELLE PUBLIQUE;SOLEIL;Public;16 rue de Monteil;;;42000;ST ETIENNE;Saint-Etienne;809844.1;6484185.3;EPSG:2154;45.44830976452828;4.405290181974018;Parfaite;Numéro de rue;101;ECOLE MATERNELLE;1;OUVERT;42;84;10;42218;Loire;Auvergne-Rhône-Alpes;Lyon;45.4483097645,4.40529018197;99;SANS OBJET;06;MINISTERE DE L'EDUCATION NATIONALE;1965-07-16
0420693A;Ecole primaire d'application Beaulieu 1;ECOLE PRIMAIRE D APPLICATION;BEAULIEU LA TOUR PRIMAIRE;Public;20 rue Henri Dunant;;;42000;ST ETIENNE;Saint-Etienne;810187.6;6481848.7;EPSG:2154;45.42721785811953;4.409150402675103;Correcte;Numéro de rue;153;ECOLE ELEMENTAIRE D APPLICATION;1;OUVERT;42;84;10;42218;Loire;Auvergne-Rhône-Alpes;Lyon;45.4272178581,4.40915040268;99;SANS OBJET;06;MINISTERE DE L'EDUCATION NATIONALE;1965-07-15
0420695C;Ecole maternelle Paillon;ECOLE MATERNELLE PUBLIQUE;PAILLON MATERNELLE;Public;2 A rue Basson;;;42000;ST ETIENNE;Saint-Etienne;807757.4;6482486.4;EPSG:2154;45.433345398218734;4.378220142549494;Parfaite;Numéro de rue;101;ECOLE MATERNELLE;1;OUVERT;42;84;10;42218;Loire;Auvergne-Rhône-Alpes;Lyon;45.4333453982,4.37822014255;99;SANS OBJET;06;MINISTERE DE L'EDUCATION NATIONALE;1965-07-15
0421038A;Collège privé Les Chartreux-Sainte Famille;COLLEGE PRIVE;LES CHARTREUX-SAINTE FAMILLE;Privé;36 rue DU VERNAY;;;42100;ST ETIENNE;Saint-Etienne;808894.7;6482160.1;EPSG:2154;45.43022797985373;4.392689640429036;Parfaite;Numéro de rue;340;COLLEGE;1;OUVERT;42;84;10;42218;Loire;Auvergne-Rhône-Alpes;Lyon;45.4302279799,4.39268964043;30;CONTRAT D'ASSOCIATION TOUTES CLASSES;06;MINISTERE DE L'EDUCATION NATIONALE;1943-10-01
0421076S;Ecole maternelle Rosa Park;ECOLE MATERNELLE PUBLIQUE;ROSA PARKS MATERNELLE;Public;5 allée Rachel;;;42100;ST ETIENNE;Saint-Etienne;808021.4;6481433.7;EPSG:2154;45.42382618817036;4.381360506999007;Correcte;Numéro de rue;101;ECOLE MATERNELLE;1;OUVERT;42;84;10;42218;Loire;Auvergne-Rhône-Alpes;Lyon;45.4238261882,4.381360507;99;SANS OBJET;06;MINISTERE DE L'EDUCATION NATIONALE;1968-09-27
0421176A;Collège Jules Vallès;COLLEGE;JULES VALLES;Public;3  RUE DU PUITS THIBAUD;;;42000;ST ETIENNE;Saint-Etienne;809463.4;6483919.4;EPSG:2154;45.44597671688978;4.400360397819424;Parfaite;Numéro de rue;340;COLLEGE;1;OUVERT;42;84;10;42218;Loire;Auvergne-Rhône-Alpes;Lyon;45.4459767169,4.40036039782;99;SANS OBJET;06;MINISTERE DE L'EDUCATION NATIONALE;1970-04-10
0421329S;Ecole primaire privée Alix Le Clerc;ECOLE PRIMAIRE PRIVEE;ALIX LE CLERC;Privé;16 rue Jean-Francois Revollier;;;42000;ST ETIENNE;Saint-Etienne;807645.1;6484934.0;EPSG:2154;45.45539934535039;4.3773301044679025;Parfaite;Numéro de rue;151;ECOLE DE NIVEAU ELEMENTAIRE;1;OUVERT;42;84;10;42218;Loire;Auvergne-Rhône-Alpes;Lyon;45.4553993454,4.37733010447;30;CONTRAT D'ASSOCIATION TOUTES CLASSES;06;MINISTERE DE L'EDUCATION NATIONALE;1971-03-26
0421336Z;Ecole primaire privée St Ennemond;ECOLE PRIMAIRE PRIVEE;ST ENNEMOND;Privé;15 rue Saint Ennemond;;;42000;ST ETIENNE;Saint-Etienne;807979.7;6482653.9;EPSG:2154;45.434818463209005;4.3811002533036705;Parfaite;Numéro de rue;151;ECOLE DE NIVEAU ELEMENTAIRE;1;OUVERT;42;84;10;42218;Loire;Auvergne-Rhône-Alpes;Lyon;45.4348184632,4.3811002533;30;CONTRAT D'ASSOCIATION TOUTES CLASSES;06;MINISTERE DE L'EDUCATION NATIONALE;1971-03-26
0421337A;Ecole primaire privée de La Salle;ECOLE PRIMAIRE PRIVEE;ENSEMBLE SCOLAIRE LA SALLE;Privé;22 rue Désiré Claude;;;42000;ST ETIENNE;Saint-Etienne;808514.6;6481897.4;EPSG:2154;45.42792310010476;4.387770379164774;Correcte;Numéro de rue;151;ECOLE DE NIVEAU ELEMENTAIRE;1;OUVERT;42;84;10;42218;Loire;Auvergne-Rhône-Alpes;Lyon;45.4279231001,4.38777037916;30;CONTRAT D'ASSOCIATION TOUTES CLASSES;06;MINISTERE DE L'EDUCATION NATIONALE;1971-03-26
0421741P;Collège privé Tézenas du Montcel;COLLEGE PRIVE;TEZENAS DU MONTCEL;Privé;14 place GIRODET;;;42000;ST ETIENNE;Saint-Etienne;807914.2;6484115.5;EPSG:2154;45.447987881905675;4.380589476799199;Parfaite;Numéro de rue;340;COLLEGE;1;OUVERT;42;84;10;42218;Loire;Auvergne-Rhône-Alpes;Lyon;45.4479878819,4.3805894768;30;CONTRAT D'ASSOCIATION TOUTES CLASSES;06;MINISTERE DE L'EDUCATION NATIONALE;1919-11-08
0421744T;Ecole élémentaire Grand Clos;ECOLE ELEMENTAIRE PUBLIQUE;GRAND CLOS ELEMENTAIRE;Public;6 allée Vital Descos;;;42000;ST ETIENNE;Saint-Etienne;807033.7;6483900.1;EPSG:2154;45.446186633332324;4.369279374486381;Parfaite;Numéro de rue;151;ECOLE DE NIVEAU ELEMENTAIRE;1;OUVERT;42;84;10;42218;Loire;Auvergne-Rhône-Alpes;Lyon;45.4461866333,4.36927937449;99;SANS OBJET;06;MINISTERE DE L'EDUCATION NATIONALE;1978-09-01
0421793W;Ecole élémentaire Montat Verrerie;ECOLE PRIMAIRE PUBLIQUE;MONTAT VERRERIE PRIMAIRE;Public;104  RUE DE LA MONTAT;;;42100;ST ETIENNE;Saint-Etienne;810302.5;6483558.4;EPSG:2154;45.44259207131339;4.411010173693918;Correcte;Numéro de rue;151;ECOLE DE NIVEAU ELEMENTAIRE;1;OUVERT;42;84;10;42218;Loire;Auvergne-Rhône-Alpes;Lyon;45.4425920713,4.41101017369;99;SANS OBJET;06;MINISTERE DE L'EDUCATION NATIONALE;1980-09-01
0422014L;Ecole élémentaire Paillon;ECOLE ELEMENTAIRE PUBLIQUE;PAILLON ELEMENTAIRE;Public;40 rue Paillon;;;42000;ST ETIENNE;Saint-Etienne;807750.4;6482217.2;EPSG:2154;45.43092283357815;4.37807054731589;Parfaite;Numéro de rue;151;ECOLE DE NIVEAU ELEMENTAIRE;1;OUVERT;42;84;10;42218;Loire;Auvergne-Rhône-Alpes;Lyon;45.4309228336,4.37807054732;99;SANS OBJET;06;MINISTERE DE L'EDUCATION NATIONALE;1991-09-01
0422041R;Ecole élémentaire Dora Rivière;ECOLE ELEMENTAIRE PUBLIQUE;DORA RIVIERE ELEMENTAIRE;Public;31 rue Amouroux;;;42100;ST ETIENNE;Saint-Etienne;809508.5;6480401.7;EPSG:2154;45.41429908252439;4.40013936442888;Parfaite;Numéro de rue;151;ECOLE DE NIVEAU ELEMENTAIRE;1;OUVERT;42;84;10;42218;Loire;Auvergne-Rhône-Alpes;Lyon;45.4142990825,4.40013936443;99;SANS OBJET;06;MINISTERE DE L'EDUCATION NATIONALE;1992-09-01
0422091V;Ecole primaire privée Saint Jean Baptiste;ECOLE PRIMAIRE PRIVEE;SAINT JEAN BAPTISTE;Privé;7 boulevard Albert 1er;;;42000;ST ETIENNE;Saint-Etienne;808022.4;6484189.6;EPSG:2154;45.44863797853986;4.381990030024762;Parfaite;Numéro de rue;151;ECOLE DE NIVEAU ELEMENTAIRE;1;OUVERT;42;84;10;42218;Loire;Auvergne-Rhône-Alpes;Lyon;45.4486379785,4.38199003002;30;CONTRAT D'ASSOCIATION TOUTES CLASSES;06;MINISTERE DE L'EDUCATION NATIONALE;1994-09-01
0422092W;Ecole primaire privée Saint Charles;ECOLE PRIMAIRE PRIVEE;ST CHARLES;Privé;7 rue Praire;;;42000;ST ETIENNE;Saint-Etienne;808221.3;6483411.4;EPSG:2154;45.441600301765575;4.3843596178749165;Parfaite;Numéro de rue;151;ECOLE DE NIVEAU ELEMENTAIRE;1;OUVERT;42;84;10;42218;Loire;Auvergne-Rhône-Alpes;Lyon;45.4416003018,4.38435961787;30;CONTRAT D'ASSOCIATION TOUTES CLASSES;06;MINISTERE DE L'EDUCATION NATIONALE;1994-09-01
0422096A;Ecole élémentaire Jacquard;ECOLE ELEMENTAIRE PUBLIQUE;JACQUARD ELEMENTAIRE;Public;6 rue Victor Duchamp;;;42000;ST ETIENNE;Saint-Etienne;807901.5;6483502.7;EPSG:2154;45.44247270470279;4.380290005475414;Parfaite;Numéro de rue;151;ECOLE DE NIVEAU ELEMENTAIRE;1;OUVERT;42;84;10;42218;Loire;Auvergne-Rhône-Alpes;Lyon;45.4424727047,4.38029000548;99;SANS OBJET;06;MINISTERE DE L'EDUCATION NATIONALE;1995-09-01
0422156R;Ecole primaire Monthieu;ECOLE PRIMAIRE;MONTHIEU PRIMAIRE;Public;3 rue Linossier;;;42100;ST ETIENNE;Saint-Etienne;810785.4;6483312.0;EPSG:2154;45.440295828512646;4.417129634744565;Parfaite;Numéro de rue;151;ECOLE DE NIVEAU ELEMENTAIRE;1;OUVERT;42;84;10;42218;Loire;Auvergne-Rhône-Alpes;Lyon;45.4402958285,4.41712963474;99;SANS OBJET;06;MINISTERE DE L'EDUCATION NATIONALE;1999-09-01
0422181T;Ecole maternelle Montaud;ECOLE MATERNELLE PUBLIQUE;MONTAUD MATERNELLE;Public;5 boulevard Albert 1er;;;42000;ST ETIENNE;Saint-Etienne;808033.0;6484162.7;EPSG:2154;45.44839412122971;4.382119590811147;Parfaite;Numéro de rue;101;ECOLE MATERNELLE;1;OUVERT;42;84;10;42218;Loire;Auvergne-Rhône-Alpes;Lyon;45.4483941212,4.38211959081;99;SANS OBJET;06;MINISTERE DE L'EDUCATION NATIONALE;2001-09-01
0422196J;Ecole primaire Paule et Joseph Thiollier;ECOLE PRIMAIRE PUBLIQUE;PAULE ET JOSEPH THIOLLIER;Public;4  RUE RECHATIN;;;42000;ST ETIENNE;Saint-Etienne;808421.4;6484350.5;EPSG:2154;45.45002360195769;4.387129766052625;Parfaite;Numéro de rue;151;ECOLE DE NIVEAU ELEMENTAIRE;1;OUVERT;42;84;10;42218;Loire;Auvergne-Rhône-Alpes;Lyon;45.450023602,4.38712976605;99;SANS OBJET;06;MINISTERE DE L'EDUCATION NATIONALE;2002-09-01
0420669Z;Ecole maternelle Gaspard Monge;ECOLE MATERNELLE PUBLIQUE;MONGE;Public;21 rue Richelandière;;;42100;ST ETIENNE;Saint-Etienne;809518.8;6483130.3;EPSG:2154;45.43886345874703;4.400889901515445;Correcte;Numéro de rue;101;ECOLE MATERNELLE;1;OUVERT;42;84;10;42218;Loire;Auvergne-Rhône-Alpes;Lyon;45.4388634587,4.40088990152;99;SANS OBJET;06;MINISTERE DE L'EDUCATION NATIONALE;1965-07-16
0420683P;Ecole maternelle Vivaraize;ECOLE MATERNELLE PUBLIQUE;VIVARAIZE MATERNELLE;Public;4 passage du Pré des Soeurs;;;42100;ST ETIENNE;Saint-Etienne;809550.8;6481416.5;EPSG:2154;45.423428722631456;4.400910254347063;Correcte;Numéro de rue;101;ECOLE MATERNELLE;1;OUVERT;42;84;10;42218;Loire;Auvergne-Rhône-Alpes;Lyon;45.4234287226,4.40091025435;99;SANS OBJET;06;MINISTERE DE L'EDUCATION NATIONALE;1965-07-16
0420860G;Ecole maternelle Terrenoire Bourg;ECOLE MATERNELLE PUBLIQUE;TERRENOIRE BOURG MATERNELLE;Public;4 rue Emile Jaboulay;TERRENOIRE;;42100;ST ETIENNE;Saint-Etienne;812479.4;6482652.9;EPSG:2154;45.43408605298698;4.438640364930022;Parfaite;Numéro de rue;101;ECOLE MATERNELLE;1;OUVERT;42;84;10;42218;Loire;Auvergne-Rhône-Alpes;Lyon;45.434086053,4.43864036493;99;SANS OBJET;06;MINISTERE DE L'EDUCATION NATIONALE;1965-09-13
0420863K;Ecole primaire Terrenoire Janon;ECOLE PRIMAIRE PUBLIQUE;TERRENOIRE JANON  PRIMAIRE;Public;4 rue Paul Langevin;TERRENOIRE;;42100;ST ETIENNE;Saint-Etienne;812032.9;6482217.6;EPSG:2154;45.43024010523887;4.432829754627156;Parfaite;Numéro de rue;151;ECOLE DE NIVEAU ELEMENTAIRE;1;OUVERT;42;84;10;42218;Loire;Auvergne-Rhône-Alpes;Lyon;45.4302401052,4.43282975463;99;SANS OBJET;06;MINISTERE DE L'EDUCATION NATIONALE;1965-09-07
0420697E;Ecole maternelle Alma;ECOLE MATERNELLE PUBLIQUE;ALMA MATERNELLE;Public;3 rue de l'Alma;;;42000;ST ETIENNE;Saint-Etienne;808125.8;6483327.7;EPSG:2154;45.440861801632835;4.383119485877739;Parfaite;Rue;101;ECOLE MATERNELLE;1;OUVERT;42;84;10;42218;Loire;Auvergne-Rhône-Alpes;Lyon;45.4408618016,4.38311948588;99;SANS OBJET;06;MINISTERE DE L'EDUCATION NATIONALE;1965-07-15
0420817K;Ecole primaire Saint-Victor-sur-Loire;ECOLE PRIMAIRE PUBLIQUE;ST VICTOR BOURG PRIMAIRE;Public;Chemin des Tourettes;;;42100;ST ETIENNE;Saint-Etienne;798846.8;6483539.9;EPSG:2154;45.444173019747936;4.264489434346834;Correcte;Rue;151;ECOLE DE NIVEAU ELEMENTAIRE;1;OUVERT;42;84;10;42218;Loire;Auvergne-Rhône-Alpes;Lyon;45.4441730197,4.26448943435;99;SANS OBJET;06;MINISTERE DE L'EDUCATION NATIONALE;1965-09-07
0421352S;Ecole primaire privée Saint André;ECOLE PRIMAIRE PRIVEE;SAINT ANDRE;Privé;1 allée des Emeraudes;;;42000;ST ETIENNE;Saint-Etienne;806363.5;6483867.2;EPSG:2154;45.44599474339562;4.36069997355511;Parfaite;Numéro de rue;151;ECOLE DE NIVEAU ELEMENTAIRE;1;OUVERT;42;84;10;42218;Loire;Auvergne-Rhône-Alpes;Lyon;45.4459947434,4.36069997356;30;CONTRAT D'ASSOCIATION TOUTES CLASSES;06;MINISTERE DE L'EDUCATION NATIONALE;1971-03-26
0421547D;Ecole élémentaire Terrenoire Bourg;ECOLE ELEMENTAIRE PUBLIQUE;TERRENOIRE BOURG ELEMENTAIRE;Public;3 rue Jaboulay;TERRENOIRE;;42100;ST ETIENNE;Saint-Etienne;812503.0;6482602.1;EPSG:2154;45.43362482403414;4.4389303091964205;Correcte;Numéro de rue;151;ECOLE DE NIVEAU ELEMENTAIRE;1;OUVERT;42;84;10;42218;Loire;Auvergne-Rhône-Alpes;Lyon;45.433624824,4.4389303092;99;SANS OBJET;06;MINISTERE DE L'EDUCATION NATIONALE;1974-05-27
0421642G;Ecole primaire Guizay;ECOLE PRIMAIRE;GUIZAY PRIMAIRE;Public;10 rue DU DOCTEUR LAENNEC;;;42100;ST ETIENNE;Saint-Etienne;808989.0;6479788.2;EPSG:2154;45.408858393710325;4.393360192007118;Correcte;Numéro de rue;151;ECOLE DE NIVEAU ELEMENTAIRE;1;OUVERT;42;84;10;42218;Loire;Auvergne-Rhône-Alpes;Lyon;45.4088583937,4.39336019201;99;SANS OBJET;06;MINISTERE DE L'EDUCATION NATIONALE;1976-05-26
0421706B;Ecole primaire Montreynaud Vivaldi;ECOLE PRIMAIRE PUBLIQUE;MONTREYNAUD VIVALDI PRIMAIRE;Public;Allée Bela Bartok;;;42000;ST ETIENNE;Saint-Etienne;809733.7;6486305.6;EPSG:2154;45.46741691900897;4.404360468204;Parfaite;Rue;151;ECOLE DE NIVEAU ELEMENTAIRE;1;OUVERT;42;84;10;42218;Loire;Auvergne-Rhône-Alpes;Lyon;45.467416919,4.4043604682;99;SANS OBJET;06;MINISTERE DE L'EDUCATION NATIONALE;1977-05-23
0421729B;Ecole primaire privée Le Curé d'Ars;ECOLE PRIMAIRE PRIVEE;LE CURE D'ARS;Privé;6 rue Marcellin Champagnat;;;42100;ST ETIENNE;Saint-Etienne;810245.0;6482221.2;EPSG:2154;45.43056230338489;4.409969368879013;Parfaite;Numéro de rue;151;ECOLE DE NIVEAU ELEMENTAIRE;1;OUVERT;42;84;10;42218;Loire;Auvergne-Rhône-Alpes;Lyon;45.4305623034,4.40996936888;30;CONTRAT D'ASSOCIATION TOUTES CLASSES;06;MINISTERE DE L'EDUCATION NATIONALE;1977-10-06
0420649C;Ecole maternelle Fauriel;ECOLE MATERNELLE PUBLIQUE;FAURIEL MATERNELLE;Public;32 rue des Francs Maçons;;;42100;ST ETIENNE;Saint-Etienne;809067.1;6482231.3;EPSG:2154;45.430841605702476;4.394910146143815;Correcte;Numéro de rue;101;ECOLE MATERNELLE;1;OUVERT;42;84;10;42218;Loire;Auvergne-Rhône-Alpes;Lyon;45.4308416057,4.39491014614;99;SANS OBJET;06;MINISTERE DE L'EDUCATION NATIONALE;1965-07-15
0420922Z;Ecole maternelle Métare Réjaillère;ECOLE MATERNELLE PUBLIQUE;METARE REJAILLERE MATERNELLE;Public;1  CHEMIN CLAUDE BERTHIER;;;42100;ST ETIENNE;Saint-Etienne;810818.9;6480621.4;EPSG:2154;45.41606659886441;4.4169405300668725;Correcte;Numéro de rue;101;ECOLE MATERNELLE;1;OUVERT;42;84;10;42218;Loire;Auvergne-Rhône-Alpes;Lyon;45.4160665989,4.41694053007;99;SANS OBJET;06;MINISTERE DE L'EDUCATION NATIONALE;1966-10-05
0421331U;Ecole primaire privée Les Chartreux Sainte-Famille;ECOLE PRIMAIRE PRIVEE;LES CHARTREUX STE FAMILLE;Privé;36 rue du Vernay;;;42100;ST ETIENNE;Saint-Etienne;808894.7;6482160.1;EPSG:2154;45.43022797985373;4.392689640429036;Parfaite;Numéro de rue;151;ECOLE DE NIVEAU ELEMENTAIRE;1;OUVERT;42;84;10;42218;Loire;Auvergne-Rhône-Alpes;Lyon;45.4302279799,4.39268964043;30;CONTRAT D'ASSOCIATION TOUTES CLASSES;06;MINISTERE DE L'EDUCATION NATIONALE;1971-03-26
0421333W;Ecole primaire privée Institution Saint Paul;ECOLE PRIMAIRE PRIVEE;INSTITUTION ST PAUL;Privé;5 rue Jacques Desgeorges;;;42000;ST ETIENNE;Saint-Etienne;808195.0;6483041.5;EPSG:2154;45.438274165218544;4.383940336383302;Parfaite;Numéro de rue;151;ECOLE DE NIVEAU ELEMENTAIRE;1;OUVERT;42;84;10;42218;Loire;Auvergne-Rhône-Alpes;Lyon;45.4382741652,4.38394033638;30;CONTRAT D'ASSOCIATION TOUTES CLASSES;06;MINISTERE DE L'EDUCATION NATIONALE;1971-03-26
0421552J;Ecole élémentaire Francs Maçons;ECOLE ELEMENTAIRE PUBLIQUE;FRANCS MACONS ELEMENTAIRE;Public;8 bis rue des Francs Maçons;;;42100;ST ETIENNE;Saint-Etienne;808855.8;6482194.3;EPSG:2154;45.430542065224685;4.3921999498052395;Correcte;Numéro de rue;151;ECOLE DE NIVEAU ELEMENTAIRE;1;OUVERT;42;84;10;42218;Loire;Auvergne-Rhône-Alpes;Lyon;45.4305420652,4.39219994981;99;SANS OBJET;06;MINISTERE DE L'EDUCATION NATIONALE;1974-05-27
0421569C;Collège Aristide Briand;COLLEGE;ARISTIDE BRIAND;Public;61 rue DOCTEUR LOUIS DESTRE;;;42100;ST ETIENNE;Saint-Etienne;812173.5;6483474.3;EPSG:2154;45.44153131726916;4.4349195821724585;Correcte;Numéro de rue;340;COLLEGE;1;OUVERT;42;84;10;42218;Loire;Auvergne-Rhône-Alpes;Lyon;45.4415313173,4.43491958217;99;SANS OBJET;06;MINISTERE DE L'EDUCATION NATIONALE;1975-04-24
0421742R;Lycée professionnel privé Tézenas du Montcel - Lycée des métiers de la gestion et du commerce;LYCEE PROF PRIVE DES METIERS;TEZENAS DU MONTCEL;Privé;14 place GIRODET;;;42000;ST ETIENNE;Saint-Etienne;807914.2;6484115.5;EPSG:2154;45.447987881905675;4.380589476799199;Parfaite;Numéro de rue;320;LYCEE PROFESSIONNEL;1;OUVERT;42;84;10;42218;Loire;Auvergne-Rhône-Alpes;Lyon;45.4479878819,4.3805894768;30;CONTRAT D'ASSOCIATION TOUTES CLASSES;06;MINISTERE DE L'EDUCATION NATIONALE;1919-11-08
0421835S;Ecole maternelle Tarentaize;ECOLE MATERNELLE PUBLIQUE;TARENTAIZE MATERNELLE;Public;7 place Jean-François Gonon;;;42000;ST ETIENNE;Saint-Etienne;808022.7;6482878.2;EPSG:2154;45.436831109912234;4.381700322040715;Parfaite;Numéro de rue;101;ECOLE MATERNELLE;1;OUVERT;42;84;10;42218;Loire;Auvergne-Rhône-Alpes;Lyon;45.4368311099,4.38170032204;99;SANS OBJET;06;MINISTERE DE L'EDUCATION NATIONALE;1981-09-01
0421836T;Ecole élémentaire Tarentaize;ECOLE ELEMENTAIRE PUBLIQUE;TARENTAIZE ELEMENTAIRE;Public;Place Jean-François Gonon;;;42000;ST ETIENNE;Saint-Etienne;808031.5;6482865.1;EPSG:2154;45.436711781298136;4.381809926465544;Parfaite;Rue;151;ECOLE DE NIVEAU ELEMENTAIRE;1;OUVERT;42;84;10;42218;Loire;Auvergne-Rhône-Alpes;Lyon;45.4367117813,4.38180992647;99;SANS OBJET;06;MINISTERE DE L'EDUCATION NATIONALE;1981-09-01
0421885W;Ecole primaire privée Les Maristes-site Notre-Dame;ECOLE PRIMAIRE PRIVEE;LES MARISTES-SITE NOTRE-DAME;Privé;10 place DE L'ABBAYE;;;42000;ST ETIENNE;Saint-Etienne;809362.5;6481139.4;EPSG:2154;45.420964001950594;4.398440072168838;Parfaite;Numéro de rue;151;ECOLE DE NIVEAU ELEMENTAIRE;1;OUVERT;42;84;10;42218;Loire;Auvergne-Rhône-Alpes;Lyon;45.420964002,4.39844007217;30;CONTRAT D'ASSOCIATION TOUTES CLASSES;06;MINISTERE DE L'EDUCATION NATIONALE;1983-09-08
0421990K;Ecole élémentaire Montaud;ECOLE ELEMENTAIRE PUBLIQUE;MONTAUD ELEMENTAIRE;Public;2 place Vittone;;;42000;ST ETIENNE;Saint-Etienne;807973.0;6483883.0;EPSG:2154;45.44588537257076;4.381289548293827;Parfaite;Numéro de rue;151;ECOLE DE NIVEAU ELEMENTAIRE;1;OUVERT;42;84;10;42218;Loire;Auvergne-Rhône-Alpes;Lyon;45.4458853726,4.38128954829;99;SANS OBJET;06;MINISTERE DE L'EDUCATION NATIONALE;1989-09-01
0421991L;Ecole élémentaire La Veue;ECOLE ELEMENTAIRE PUBLIQUE;LA VEUE ELEMENTAIRE;Public;7 rue Coraly Royet;;;42100;ST ETIENNE;Saint-Etienne;809181.9;6481091.9;EPSG:2154;45.42056512730075;4.396120447591424;Parfaite;Numéro de rue;151;ECOLE DE NIVEAU ELEMENTAIRE;1;OUVERT;42;84;10;42218;Loire;Auvergne-Rhône-Alpes;Lyon;45.4205651273,4.39612044759;99;SANS OBJET;06;MINISTERE DE L'EDUCATION NATIONALE;1989-09-01
0422000W;Ecole élémentaire Chappe;ECOLE ELEMENTAIRE PUBLIQUE;CHAPPE ELEMENTAIRE;Public;7 rue des Frères Chappe;;;42000;ST ETIENNE;Saint-Etienne;808828.3;6483224.3;EPSG:2154;45.43981971461236;4.392080526955899;Parfaite;Numéro de rue;151;ECOLE DE NIVEAU ELEMENTAIRE;1;OUVERT;42;84;10;42218;Loire;Auvergne-Rhône-Alpes;Lyon;45.4398197146,4.39208052696;99;SANS OBJET;06;MINISTERE DE L'EDUCATION NATIONALE;1990-09-01
0422013K;Ecole élémentaire Montreynaud Molina;ECOLE ELEMENTAIRE PUBLIQUE;MONTREYNAUD MOLINA ELEMENTAIRE;Public;3 rue Franz Schubert;;;42000;ST ETIENNE;Saint-Etienne;809206.5;6486198.4;EPSG:2154;45.46653599720791;4.397590550005067;Parfaite;Numéro de rue;151;ECOLE DE NIVEAU ELEMENTAIRE;1;OUVERT;42;84;10;42218;Loire;Auvergne-Rhône-Alpes;Lyon;45.4665359972,4.39759055001;99;SANS OBJET;06;MINISTERE DE L'EDUCATION NATIONALE;1991-09-01
0422061M;Ecole élémentaire Tardy;ECOLE ELEMENTAIRE PUBLIQUE;TARDY ELEMENTAIRE;Public;2 rue des Ferrandiniers;;;42100;ST ETIENNE;Saint-Etienne;808179.5;6481829.0;EPSG:2154;45.42736022855388;4.383470409494027;Parfaite;Numéro de rue;151;ECOLE DE NIVEAU ELEMENTAIRE;1;OUVERT;42;84;10;42218;Loire;Auvergne-Rhône-Alpes;Lyon;45.4273602286,4.38347040949;99;SANS OBJET;06;MINISTERE DE L'EDUCATION NATIONALE;1993-09-01
0422168D;Ecole primaire privée Ste Blandine;ECOLE PRIMAIRE PRIVEE;SAINTE BLANDINE;Privé;7 ESPACE CHRISTIAN BAIL;TERRENOIRE;;42100;ST ETIENNE;Saint-Etienne;812308.1;6482696.5;EPSG:2154;45.43450666804806;4.436460021291703;Correcte;Rue;151;ECOLE DE NIVEAU ELEMENTAIRE;1;OUVERT;42;84;10;42218;Loire;Auvergne-Rhône-Alpes;Lyon;45.434506668,4.43646002129;30;CONTRAT D'ASSOCIATION TOUTES CLASSES;06;MINISTERE DE L'EDUCATION NATIONALE;2000-09-01
0422190C;Ecole professionnelle privée Maison de la Coiffure;ECOLE 2D DEGRE PROF.PRIVEE;MAISON DE LA COIFFURE;Privé;38 rue DES PASSEMENTIERS;;;42100;ST ETIENNE;Saint-Etienne;809169.3;6481003.5;EPSG:2154;45.419771253761525;4.395939382271864;Parfaite;Numéro de rue;320;LYCEE PROFESSIONNEL;1;OUVERT;42;84;10;42218;Loire;Auvergne-Rhône-Alpes;Lyon;45.4197712538,4.39593938227;10;HORS CONTRAT;06;MINISTERE DE L'EDUCATION NATIONALE;2001-09-01
0422242J;Ecole primaire St Victor Le Bréat;ECOLE PRIMAIRE PUBLIQUE;ST VICTOR LE BREAT PRIMAIRE;Public;Route du Breat;;;42100;ST ETIENNE;Saint-Etienne;799391.1;6484214.7;EPSG:2154;45.45016983889674;4.27159014690262;Moyenne;Rue;151;ECOLE DE NIVEAU ELEMENTAIRE;1;OUVERT;42;84;10;42218;Loire;Auvergne-Rhône-Alpes;Lyon;45.4501698389,4.2715901469;99;SANS OBJET;06;MINISTERE DE L'EDUCATION NATIONALE;2004-09-01
0422323X;Ecole élémentaire privée Luqman;ECOLE ELE PRIVEE LUQMAN;LUQMÂN;Privé;20 rue Paganini;;;42000;ST ETIENNE;Saint-Etienne;809767.6;6486768.1;EPSG:2154;45.47157547282347;4.404899525506129;Parfaite;Numéro de rue;151;ECOLE DE NIVEAU ELEMENTAIRE;1;OUVERT;42;84;10;42218;Loire;Auvergne-Rhône-Alpes;Lyon;45.4715754728,4.40489952551;10;HORS CONTRAT;06;MINISTERE DE L'EDUCATION NATIONALE;2018-05-29
0420593S;Ecole primaire Petit Coin;ECOLE PRIMAIRE PUBLIQUE;PETIT COIN PRIMAIRE;Public;31 rue Palluat de Besset;;;42000;ST ETIENNE;Saint-Etienne;807421.8;6483573.6;EPSG:2154;45.44318636878038;4.3741706445200785;Parfaite;Numéro de rue;151;ECOLE DE NIVEAU ELEMENTAIRE;1;OUVERT;42;84;10;42218;Loire;Auvergne-Rhône-Alpes;Lyon;45.4431863688,4.37417064452;99;SANS OBJET;06;MINISTERE DE L'EDUCATION NATIONALE;1965-07-06
0420690X;Ecole maternelle Chappe;ECOLE MATERNELLE PUBLIQUE;CHAPPE MATERNELLE;Public;3 impasse Noël Mazet;;;42000;ST ETIENNE;Saint-Etienne;808867.3;6483270.9;EPSG:2154;45.44023307149244;4.3925898047604175;Correcte;Numéro de rue;101;ECOLE MATERNELLE;1;OUVERT;42;84;10;42218;Loire;Auvergne-Rhône-Alpes;Lyon;45.4402330715,4.39258980476;99;SANS OBJET;06;MINISTERE DE L'EDUCATION NATIONALE;1965-07-15
0421209L;Section d'enseignement général et professionnel adapté du Collège Jules Vallès;SEGPA;CLG JULES VALLES;Public;3  RUE DU PUITS THIBAUD;;;42000;ST ETIENNE;Saint-Etienne;809463.4;6483919.4;EPSG:2154;45.44597671688978;4.400360397819424;Parfaite;Numéro de rue;390;SECTION ENSEIGNT GEN. ET PROF. ADAPTE;1;OUVERT;42;84;10;42218;Loire;Auvergne-Rhône-Alpes;Lyon;45.4459767169,4.40036039782;99;SANS OBJET;06;MINISTERE DE L'EDUCATION NATIONALE;1970-06-29
0421669L;Ecole élémentaire Vivaraize;ECOLE ELEMENTAIRE PUBLIQUE;VIVARAIZE ELEMENTAIRE;Public;93 rue Jean-Baptiste David;;;42100;ST ETIENNE;Saint-Etienne;809488.3;6481589.7;EPSG:2154;45.42499805072229;4.400150455502819;Parfaite;Numéro de rue;151;ECOLE DE NIVEAU ELEMENTAIRE;1;OUVERT;42;84;10;42218;Loire;Auvergne-Rhône-Alpes;Lyon;45.4249980507,4.4001504555;99;SANS OBJET;06;MINISTERE DE L'EDUCATION NATIONALE;1984-09-01
0421679X;Collège Le Portail Rouge;COLLEGE;LE PORTAIL ROUGE;Public;16 rue DU PORTAIL ROUGE;;;42100;ST ETIENNE;Saint-Etienne;810305.0;6480705.3;EPSG:2154;45.41690480127118;4.410390317598172;Correcte;Numéro de rue;340;COLLEGE;1;OUVERT;42;84;10;42218;Loire;Auvergne-Rhône-Alpes;Lyon;45.4169048013,4.4103903176;99;SANS OBJET;06;MINISTERE DE L'EDUCATION NATIONALE;1977-03-07
0421707C;Ecole maternelle Grand Clos;ECOLE MATERNELLE PUBLIQUE;GRAND CLOS MATERNELLE;Public;4 allée Descos;;;42000;ST ETIENNE;Saint-Etienne;806992.0;6483917.6;EPSG:2154;45.446350699971276;4.368749894670855;Correcte;Numéro de rue;101;ECOLE MATERNELLE;1;OUVERT;42;84;10;42218;Loire;Auvergne-Rhône-Alpes;Lyon;45.4463507,4.36874989467;99;SANS OBJET;06;MINISTERE DE L'EDUCATION NATIONALE;1977-05-23
0421794X;Ecole primaire Centre 2;ECOLE PRIMAIRE PUBLIQUE;CENTRE 2 PRIMAIRE;Public;14 rue Claudius Buard;;;42100;ST ETIENNE;Saint-Etienne;809140.1;6481153.8;EPSG:2154;45.42112907628209;4.395600045990146;Parfaite;Numéro de rue;151;ECOLE DE NIVEAU ELEMENTAIRE;1;OUVERT;42;84;10;42218;Loire;Auvergne-Rhône-Alpes;Lyon;45.4211290763,4.39560004599;99;SANS OBJET;06;MINISTERE DE L'EDUCATION NATIONALE;1980-09-01
0421845C;Ecole élémentaire Soleil;ECOLE ELEMENTAIRE PUBLIQUE;SOLEIL;Public;10  RUE DE MONTEIL;;;42000;ST ETIENNE;Saint-Etienne;809785.4;6484277.9;EPSG:2154;45.4491528630363;4.404560432595657;Parfaite;Numéro de rue;151;ECOLE DE NIVEAU ELEMENTAIRE;1;OUVERT;42;84;10;42218;Loire;Auvergne-Rhône-Alpes;Lyon;45.449152863,4.4045604326;99;SANS OBJET;06;MINISTERE DE L'EDUCATION NATIONALE;1981-09-01
0421907V;Ecole primaire Solaure;ECOLE PRIMAIRE;SOLAURE PRIMAIRE;Public;19 rue Ambroise Paré;;;42100;ST ETIENNE;Saint-Etienne;808443.2;6479813.4;EPSG:2154;45.40917177565804;4.386389553791747;Correcte;Numéro de rue;151;ECOLE DE NIVEAU ELEMENTAIRE;1;OUVERT;42;84;10;42218;Loire;Auvergne-Rhône-Alpes;Lyon;45.4091717757,4.38638955379;99;SANS OBJET;06;MINISTERE DE L'EDUCATION NATIONALE;1985-09-01
0421936B;Ecole primaire Métare Cottencière;ECOLE PRIMAIRE;METARE COTTENCIERE PRIMAIRE;Public;13 rue de l'Université;;;42100;ST ETIENNE;Saint-Etienne;811463.5;6481094.2;EPSG:2154;45.420218810224476;4.425289765976034;Correcte;Numéro de rue;151;ECOLE DE NIVEAU ELEMENTAIRE;1;OUVERT;42;84;10;42218;Loire;Auvergne-Rhône-Alpes;Lyon;45.4202188102,4.42528976598;99;SANS OBJET;06;MINISTERE DE L'EDUCATION NATIONALE;1986-09-01
0421952U;Ecole élémentaire Chavanelle;ECOLE ELEMENTAIRE PUBLIQUE;CHAVANELLE ELEMENTAIRE;Public;16 rue Marcellin Allard;;;42000;ST ETIENNE;Saint-Etienne;808893.5;6482803.4;EPSG:2154;45.43601991883037;4.3928194040410835;Parfaite;Numéro de rue;151;ECOLE DE NIVEAU ELEMENTAIRE;1;OUVERT;42;84;10;42218;Loire;Auvergne-Rhône-Alpes;Lyon;45.4360199188,4.39281940404;99;SANS OBJET;06;MINISTERE DE L'EDUCATION NATIONALE;1987-09-01
0422021U;Ecole primaire Chaléassière;ECOLE PRIMAIRE;CHALEASSIERE PRIMAIRE;Public;6 rue Jean François Revollier;;;42000;ST ETIENNE;Saint-Etienne;807954.8;6484793.0;EPSG:2154;45.454081178237715;4.38126038521043;Parfaite;Numéro de rue;151;ECOLE DE NIVEAU ELEMENTAIRE;1;OUVERT;42;84;10;42218;Loire;Auvergne-Rhône-Alpes;Lyon;45.4540811782,4.38126038521;99;SANS OBJET;06;MINISTERE DE L'EDUCATION NATIONALE;1991-09-01
0422090U;Ecole primaire privée Saint François;ECOLE PRIMAIRE PRIVEE;ST FRANCOIS;Privé;7 rue Seguin;;;42100;ST ETIENNE;Saint-Etienne;809658.9;6483167.5;EPSG:2154;45.43917598230338;4.402690040449439;Parfaite;Numéro de rue;151;ECOLE DE NIVEAU ELEMENTAIRE;1;OUVERT;42;84;10;42218;Loire;Auvergne-Rhône-Alpes;Lyon;45.4391759823,4.40269004045;30;CONTRAT D'ASSOCIATION TOUTES CLASSES;06;MINISTERE DE L'EDUCATION NATIONALE;1994-09-01
0422106L;Ecole primaire privée Sainte Marie;ECOLE PRIMAIRE PRIVEE;STE MARIE;Privé;9 rue du Jeu de l'Arc;;;42000;ST ETIENNE;Saint-Etienne;808776.9;6483163.2;EPSG:2154;45.439277776652396;4.3914094078065755;Parfaite;Numéro de rue;151;ECOLE DE NIVEAU ELEMENTAIRE;1;OUVERT;42;84;10;42218;Loire;Auvergne-Rhône-Alpes;Lyon;45.4392777767,4.39140940781;30;CONTRAT D'ASSOCIATION TOUTES CLASSES;06;MINISTERE DE L'EDUCATION NATIONALE;1995-09-01
0422139X;Ecole élémentaire Gaspard Monge;ECOLE ELEMENTAIRE PUBLIQUE;MONGE;Public;7 rue Gaspard Monge;;;42100;ST ETIENNE;Saint-Etienne;809432.3;6483247.5;EPSG:2154;45.4399324436665;4.399810257637199;Parfaite;Numéro de rue;151;ECOLE DE NIVEAU ELEMENTAIRE;1;OUVERT;42;84;10;42218;Loire;Auvergne-Rhône-Alpes;Lyon;45.4399324437,4.39981025764;99;SANS OBJET;06;MINISTERE DE L'EDUCATION NATIONALE;1998-09-01
0422167C;Ecole élémentaire Montreynaud St Saëns;ECOLE ELEMENTAIRE PUBLIQUE;MONTREYNAUD ST SAENS ELE;Public;13 rue Jean-Sébastien Bach;;;42000;ST ETIENNE;Saint-Etienne;808867.7;6486880.6;EPSG:2154;45.47273191159936;4.39340964323533;Parfaite;Numéro de rue;151;ECOLE DE NIVEAU ELEMENTAIRE;1;OUVERT;42;84;10;42218;Loire;Auvergne-Rhône-Alpes;Lyon;45.4727319116,4.39340964324;99;SANS OBJET;06;MINISTERE DE L'EDUCATION NATIONALE;2000-09-01
0420651E;Ecole maternelle Chavanelle;ECOLE MATERNELLE PUBLIQUE;CHAVANELLE MATERNELLE;Public;20 rue Marcellin Allard;;;42000;ST ETIENNE;Saint-Etienne;808910.9;6482748.4;EPSG:2154;45.435521979779075;4.393029505920757;Parfaite;Numéro de rue;101;ECOLE MATERNELLE;1;OUVERT;42;84;10;42218;Loire;Auvergne-Rhône-Alpes;Lyon;45.4355219798,4.39302950592;99;SANS OBJET;06;MINISTERE DE L'EDUCATION NATIONALE;1965-07-15
0420999H;Section d'enseignement professionnel du Lycée polyvalent privé La Salésienne;SECTION ENSEIGT PROFES.PRIVEE;LPO PR LA SALESIENNE;Privé;35  RUE DE LA RICHELANDIERE;;;42100;ST ETIENNE;Saint-Etienne;809610.1;6483144.0;EPSG:2154;45.438972211515114;4.402060614850185;Correcte;Numéro de rue;334;SECTION D ENSEIGNEMENT PROFESSIONNEL;1;OUVERT;42;84;10;42218;Loire;Auvergne-Rhône-Alpes;Lyon;45.4389722115,4.40206061485;30;CONTRAT D'ASSOCIATION TOUTES CLASSES;06;MINISTERE DE L'EDUCATION NATIONALE;1967-04-18
0421343G;Ecole primaire privée La Grande Eglise;ECOLE PRIMAIRE PRIVEE;LA GRANDE EGLISE;Privé;8 rue Pierre et Marie Curie;;;42000;ST ETIENNE;Saint-Etienne;808057.5;6483031.9;EPSG:2154;45.438209419667864;4.382179761139161;Parfaite;Numéro de rue;151;ECOLE DE NIVEAU ELEMENTAIRE;1;OUVERT;42;84;10;42218;Loire;Auvergne-Rhône-Alpes;Lyon;45.4382094197,4.38217976114;31;CONTRAT ASSOCIATION PARTIE DES CLASSES;06;MINISTERE DE L'EDUCATION NATIONALE;1971-03-26
0421351R;Ecole primaire privée Saint Vincent de Paul;ECOLE PRIMAIRE PRIVEE;SAINT VINCENT DE PAUL;Privé;18 rue de la Liberté;;;42000;ST ETIENNE;Saint-Etienne;809725.0;6484374.8;EPSG:2154;45.45003494272721;4.403809893998472;Parfaite;Numéro de rue;151;ECOLE DE NIVEAU ELEMENTAIRE;1;OUVERT;42;84;10;42218;Loire;Auvergne-Rhône-Alpes;Lyon;45.4500349427,4.403809894;30;CONTRAT D'ASSOCIATION TOUTES CLASSES;06;MINISTERE DE L'EDUCATION NATIONALE;1971-03-26
0420664U;Ecole maternelle Richelandiere;ECOLE MATERNELLE PUBLIQUE;RICHELANDIERE MATERNELLE;Public;97 rue Richelandière;;;42100;ST ETIENNE;Saint-Etienne;810410.9;6482871.5;EPSG:2154;45.43639035550118;4.4122394137415775;Correcte;Numéro de rue;101;ECOLE MATERNELLE;1;OUVERT;42;84;10;42218;Loire;Auvergne-Rhône-Alpes;Lyon;45.4363903555,4.41223941374;99;SANS OBJET;06;MINISTERE DE L'EDUCATION NATIONALE;1965-07-16
0420670A;Ecole maternelle Rivière;ECOLE MATERNELLE PUBLIQUE;RIVIERE MATERNELLE;Public;44 rue Parmentier;;;42100;ST ETIENNE;Saint-Etienne;809457.8;6480573.7;EPSG:2154;45.415855716355935;4.399530240191108;Parfaite;Numéro de rue;101;ECOLE MATERNELLE;1;OUVERT;42;84;10;42218;Loire;Auvergne-Rhône-Alpes;Lyon;45.4158557164,4.39953024019;99;SANS OBJET;06;MINISTERE DE L'EDUCATION NATIONALE;1965-07-16
0421340D;Ecole primaire privée St Pierre St Paul;ECOLE PRIMAIRE PRIVEE;ST PIERRE ST PAUL;Privé;63 rue Parmentier;;;42100;ST ETIENNE;Saint-Etienne;809590.8;6480351.4;EPSG:2154;45.413833079764835;4.401179993261577;Parfaite;Numéro de rue;151;ECOLE DE NIVEAU ELEMENTAIRE;1;OUVERT;42;84;10;42218;Loire;Auvergne-Rhône-Alpes;Lyon;45.4138330798,4.40117999326;30;CONTRAT D'ASSOCIATION TOUTES CLASSES;06;MINISTERE DE L'EDUCATION NATIONALE;1972-09-01
0421473Y;Ecole primaire Terrenoire Perrottière;ECOLE PRIMAIRE;TERRENOIRE PERROTTIERE PRIMAIRE;Public;Rue des Anciens Combattants d'Algérie;TERRENOIRE;;42100;ST ETIENNE;Saint-Etienne;812759.4;6482351.1;EPSG:2154;45.43132293208575;4.4421503493019365;Correcte;Rue;151;ECOLE DE NIVEAU ELEMENTAIRE;1;OUVERT;42;84;10;42218;Loire;Auvergne-Rhône-Alpes;Lyon;45.4313229321,4.4421503493;99;SANS OBJET;06;MINISTERE DE L'EDUCATION NATIONALE;1972-06-05
0421654V;Ecole maternelle Champagne;ECOLE MATERNELLE PUBLIQUE;CHAMPAGNE MATERNELLE;Public;14 rue Parmentier;;;42100;ST ETIENNE;Saint-Etienne;809396.9;6480875.9;EPSG:2154;45.41858618455634;4.398820176650485;Parfaite;Numéro de rue;101;ECOLE MATERNELLE;1;OUVERT;42;84;10;42218;Loire;Auvergne-Rhône-Alpes;Lyon;45.4185861846,4.39882017665;99;SANS OBJET;06;MINISTERE DE L'EDUCATION NATIONALE;1976-05-31
0421989J;Ecole primaire Jomayère;ECOLE PRIMAIRE;JOMAYERE PRIMAIRE;Public;85 rue Jomayère;;;42100;ST ETIENNE;Saint-Etienne;808109.2;6479947.9;EPSG:2154;45.41043542320877;4.3821505071418585;Correcte;Numéro de rue;151;ECOLE DE NIVEAU ELEMENTAIRE;1;OUVERT;42;84;10;42218;Loire;Auvergne-Rhône-Alpes;Lyon;45.4104354232,4.38215050714;99;SANS OBJET;06;MINISTERE DE L'EDUCATION NATIONALE;1989-09-01
0422001X;Ecole élémentaire Métare Réjaillère;ECOLE ELEMENTAIRE PUBLIQUE;METARE REJAILLERE ELEMENTAIRE;Public;1  CHEMIN CLAUDE BERTHIER;;;42100;ST ETIENNE;Saint-Etienne;810818.9;6480621.4;EPSG:2154;45.41606659886441;4.4169405300668725;Correcte;Numéro de rue;151;ECOLE DE NIVEAU ELEMENTAIRE;1;OUVERT;42;84;10;42218;Loire;Auvergne-Rhône-Alpes;Lyon;45.4160665989,4.41694053007;99;SANS OBJET;06;MINISTERE DE L'EDUCATION NATIONALE;1990-09-01
0420384P;Ecole primaire Rochetaillée;ECOLE PRIMAIRE PUBLIQUE;ROCHETAILLEE PRIMAIRE;Public;10  IMPASSE DE L'ECOLE;ROCHETAILLEE;;42100;ST ETIENNE;Saint-Etienne;812998.9;6480160.7;EPSG:2154;45.41156319980773;4.44470028606722;Correcte;Numéro de rue;151;ECOLE DE NIVEAU ELEMENTAIRE;1;OUVERT;42;84;10;42218;Loire;Auvergne-Rhône-Alpes;Lyon;45.4115631998,4.44470028607;99;SANS OBJET;06;MINISTERE DE L'EDUCATION NATIONALE;1965-09-01
0420687U;Ecole maternelle Côte Chaude;ECOLE MATERNELLE PUBLIQUE;COTE CHAUDE MATERNELLE;Public;9 impasse Louis Jouvet;;;42000;ST ETIENNE;Saint-Etienne;806434.9;6483809.2;EPSG:2154;45.44546147187213;4.361600413868362;Correcte;Numéro de rue;101;ECOLE MATERNELLE;1;OUVERT;42;84;10;42218;Loire;Auvergne-Rhône-Alpes;Lyon;45.4454614719,4.36160041387;99;SANS OBJET;06;MINISTERE DE L'EDUCATION NATIONALE;1965-07-15
0421041D;Collège privé Notre-Dame d'Espérance;COLLEGE PRIVE;NOTRE DAME D'ESPERANCE;Privé;16 rue JEAN FRANCOIS REVOLLIER;;;42000;ST ETIENNE;Saint-Etienne;807645.1;6484934.0;EPSG:2154;45.45539934535039;4.3773301044679025;Parfaite;Numéro de rue;340;COLLEGE;1;OUVERT;42;84;10;42218;Loire;Auvergne-Rhône-Alpes;Lyon;45.4553993454,4.37733010447;30;CONTRAT D'ASSOCIATION TOUTES CLASSES;06;MINISTERE DE L'EDUCATION NATIONALE;1941-04-10
0421446U;Ecole primaire Maria Callas;ECOLE PRIMAIRE PUBLIQUE;MARIA CALLAS PRI;Public;19 rue Charles Gounod;;;42000;ST ETIENNE;Saint-Etienne;809543.1;6486826.4;EPSG:2154;45.47213628888807;4.4020400346860304;Parfaite;Numéro de rue;151;ECOLE DE NIVEAU ELEMENTAIRE;1;OUVERT;42;84;10;42218;Loire;Auvergne-Rhône-Alpes;Lyon;45.4721362889,4.40204003469;99;SANS OBJET;06;MINISTERE DE L'EDUCATION NATIONALE;1971-06-17
0421647M;Ecole primaire Bergson;ECOLE PRIMAIRE PUBLIQUE;BERGSON PRIMAIRE;Public;8 rue Claude Odde;;;42000;ST ETIENNE;Saint-Etienne;808120.6;6485367.0;EPSG:2154;45.45922289999867;4.383509995424029;Parfaite;Numéro de rue;151;ECOLE DE NIVEAU ELEMENTAIRE;1;OUVERT;42;84;10;42218;Loire;Auvergne-Rhône-Alpes;Lyon;45.4592229,4.38350999542;99;SANS OBJET;06;MINISTERE DE L'EDUCATION NATIONALE;1976-05-31
0421812S;Les Maristes-site Champagnat;ECOLE PRIMAIRE PRIVEE;LES MARISTES-SITE CHAMPAGNAT;Privé;58 rue Henri Déchaud;;;42000;ST ETIENNE;Saint-Etienne;810074.0;6481157.5;EPSG:2154;45.421013130968724;4.4075403687257895;Correcte;Numéro de rue;151;ECOLE DE NIVEAU ELEMENTAIRE;1;OUVERT;42;84;10;42218;Loire;Auvergne-Rhône-Alpes;Lyon;45.421013131,4.40754036873;30;CONTRAT D'ASSOCIATION TOUTES CLASSES;06;MINISTERE DE L'EDUCATION NATIONALE;1980-09-01
0421951T;Ecole primaire Jules Ferry;ECOLE PRIMAIRE PUBLIQUE;JULES FERRY PRIMAIRE;Public;1  RUE ALEXANDRE POURCEL;;;42100;ST ETIENNE;Saint-Etienne;808912.7;6481408.2;EPSG:2154;45.42345563343371;4.3927502046951385;Correcte;Numéro de rue;151;ECOLE DE NIVEAU ELEMENTAIRE;1;OUVERT;42;84;10;42218;Loire;Auvergne-Rhône-Alpes;Lyon;45.4234556334,4.3927502047;99;SANS OBJET;06;MINISTERE DE L'EDUCATION NATIONALE;1987-09-01
0422015M;Ecole élémentaire La Terrasse;ECOLE ELEMENTAIRE PUBLIQUE;TERRASSE ELEMENTAIRE;Public;17 rue Léon Lamaizière;;;42000;ST ETIENNE;Saint-Etienne;807864.6;6486151.8;EPSG:2154;45.46632898867095;4.380410430369535;Parfaite;Rue;151;ECOLE DE NIVEAU ELEMENTAIRE;1;OUVERT;42;84;10;42218;Loire;Auvergne-Rhône-Alpes;Lyon;45.4663289887,4.38041043037;99;SANS OBJET;06;MINISTERE DE L'EDUCATION NATIONALE;1991-09-01
0422027A;Ecole professionnelle privée Hair School;ECOLE 2D DEGRE PROF.PRIVEE;HAIR SCHOOL;Privé;11 rue JEAN-CLAUDE VERPILLEUX;;;42000;ST ETIENNE;Saint-Etienne;809876.2;6483255.1;EPSG:2154;45.43992986834362;4.40548896624776;Parfaite;Numéro de rue;320;LYCEE PROFESSIONNEL;1;OUVERT;42;84;10;42218;Loire;Auvergne-Rhône-Alpes;Lyon;45.4399298683,4.40548896625;10;HORS CONTRAT;06;MINISTERE DE L'EDUCATION NATIONALE;1991-09-01
0422069W;Ecole élémentaire Les Ovides;ECOLE ELEMENTAIRE APPLICATION;OVIDES ELEMENTAIRE;Public;12 rue des Ovides;;;42100;ST ETIENNE;Saint-Etienne;810753.9;6483062.5;EPSG:2154;45.438054633674014;4.416669530719497;Parfaite;Numéro de rue;153;ECOLE ELEMENTAIRE D APPLICATION;1;OUVERT;42;84;10;42218;Loire;Auvergne-Rhône-Alpes;Lyon;45.4380546337,4.41666953072;99;SANS OBJET;06;MINISTERE DE L'EDUCATION NATIONALE;1993-09-01
0422086P;Ecole élémentaire Rosa Parks;ECOLE ELEMENTAIRE PUBLIQUE;ROSA PARKS ELEMENTAIRE;Public;9 allée Rachel;;;42100;ST ETIENNE;Saint-Etienne;807975.4;6481421.0;EPSG:2154;45.42371909182554;4.380769546635796;Correcte;Numéro de rue;151;ECOLE DE NIVEAU ELEMENTAIRE;1;OUVERT;42;84;10;42218;Loire;Auvergne-Rhône-Alpes;Lyon;45.4237190918,4.38076954664;99;SANS OBJET;06;MINISTERE DE L'EDUCATION NATIONALE;1994-09-01
0422145D;Ecole primaire privée du Sacré Coeur;ECOLE PRIMAIRE PRIVEE;SACRÉ COEUR;Privé;171 rue Bergson;;;42000;ST ETIENNE;Saint-Etienne;807873.7;6485542.7;EPSG:2154;45.460843677258445;4.380390609227419;Parfaite;Numéro de rue;151;ECOLE DE NIVEAU ELEMENTAIRE;1;OUVERT;42;84;10;42218;Loire;Auvergne-Rhône-Alpes;Lyon;45.4608436773,4.38039060923;30;CONTRAT D'ASSOCIATION TOUTES CLASSES;06;MINISTERE DE L'EDUCATION NATIONALE;1998-09-01
0422155P;Ecole primaire Montchovet;ECOLE PRIMAIRE;MONTCHOVET PRIMAIRE;Public;10 impasse DE LA PALLE;;;42100;ST ETIENNE;Saint-Etienne;811038.9;6481911.2;EPSG:2154;45.42764323329733;4.4200494130770736;Correcte;Numéro de rue;151;ECOLE DE NIVEAU ELEMENTAIRE;1;OUVERT;42;84;10;42218;Loire;Auvergne-Rhône-Alpes;Lyon;45.4276432333,4.42004941308;99;SANS OBJET;06;MINISTERE DE L'EDUCATION NATIONALE;1999-09-01
0422158T;Lycée polyvalent privé La Salésienne - Lycée des métiers des technologies de la santé, des soins et services aux personnes et aux collectivités;LYC POLYVAL PRIVE DES METIERS;LA SALESIENNE;Privé;35  RUE DE LA RICHELANDIERE;;;42100;ST ETIENNE;Saint-Etienne;809610.1;6483144.0;EPSG:2154;45.438972211515114;4.402060614850185;Correcte;Numéro de rue;306;LYCEE POLYVALENT;1;OUVERT;42;84;10;42218;Loire;Auvergne-Rhône-Alpes;Lyon;45.4389722115,4.40206061485;30;CONTRAT D'ASSOCIATION TOUTES CLASSES;06;MINISTERE DE L'EDUCATION NATIONALE;1999-09-01
0422320U;Ecole secondaire privée Démocratique du Bassin Stéphanois;ECOLE SECONDAIRE PRIVEE;DEMOCRATIQUE DU BASSIN STEPHANOIS;Privé;12 rue PAUL LANGEVIN;;;42000;ST ETIENNE;Saint-Etienne;811958.6;6482261.2;EPSG:2154;45.43064477595155;4.431889823705876;Correcte;Numéro de rue;340;COLLEGE;1;OUVERT;42;84;10;42218;Loire;Auvergne-Rhône-Alpes;Lyon;45.430644776,4.43188982371;10;HORS CONTRAT;06;MINISTERE DE L'EDUCATION NATIONALE;2018-02-26
0420058K;Collège Les Champs;COLLEGE;LES CHAMPS;Public;1 rue OLIVIER DE SERRES;;;42000;ST ETIENNE;Saint-Etienne;807502.4;6485898.4;EPSG:2154;45.46410448054007;4.3757195772214725;Parfaite;Numéro de rue;340;COLLEGE;1;OUVERT;42;84;10;42218;Loire;Auvergne-Rhône-Alpes;Lyon;45.4641044805,4.37571957722;99;SANS OBJET;06;MINISTERE DE L'EDUCATION NATIONALE;1965-05-01
0420924B;Ecole maternelle Ovides;ECOLE MATERNELLE PUBLIQUE;LES OVIDES MATERNELLE;Public;6 rue des Ovides;;;42100;ST ETIENNE;Saint-Etienne;810634.6;6483046.5;EPSG:2154;45.43792984506964;4.4151402062354945;Parfaite;Numéro de rue;101;ECOLE MATERNELLE;1;OUVERT;42;84;10;42218;Loire;Auvergne-Rhône-Alpes;Lyon;45.4379298451,4.41514020624;99;SANS OBJET;06;MINISTERE DE L'EDUCATION NATIONALE;1966-10-05
0420979L;Lycée général et technologique privé Tézenas du Montcel - Lycée des métiers de la gestion et du commerce;LYC GEN TECH PRIVE DES METIERS;TEZENAS DU MONTCEL;Privé;14 place GIRODET;;;42000;ST ETIENNE;Saint-Etienne;807914.2;6484115.5;EPSG:2154;45.447987881905675;4.380589476799199;Parfaite;Numéro de rue;300;LYCEE ENSEIGNT GENERAL ET TECHNOLOGIQUE;1;OUVERT;42;84;10;42218;Loire;Auvergne-Rhône-Alpes;Lyon;45.4479878819,4.3805894768;30;CONTRAT D'ASSOCIATION TOUTES CLASSES;06;MINISTERE DE L'EDUCATION NATIONALE;1919-11-08
0421866A;Ecole maternelle Montreynaud St Saëns;ECOLE MATERNELLE PUBLIQUE;MONTREYNAUD ST SAENS MAT;Public;13 rue Jean Sébastien Bach;;;42000;ST ETIENNE;Saint-Etienne;808872.1;6486988.2;EPSG:2154;45.47369996054916;4.3934902489643415;Parfaite;Numéro de rue;101;ECOLE MATERNELLE;1;OUVERT;42;84;10;42218;Loire;Auvergne-Rhône-Alpes;Lyon;45.4736999605,4.39349024896;99;SANS OBJET;06;MINISTERE DE L'EDUCATION NATIONALE;1982-09-01
0421908W;Ecole primaire Villeboeuf Le Haut;ECOLE PRIMAIRE PUBLIQUE;VILLEBOEUF LE HAUT PRIMAIRE;Public;9 ter rue Horace Vernet;;;42000;ST ETIENNE;Saint-Etienne;809635.1;6482307.9;EPSG:2154;45.431440665538744;4.402190435579596;Correcte;Numéro de rue;151;ECOLE DE NIVEAU ELEMENTAIRE;1;OUVERT;42;84;10;42218;Loire;Auvergne-Rhône-Alpes;Lyon;45.4314406655,4.40219043558;99;SANS OBJET;06;MINISTERE DE L'EDUCATION NATIONALE;1985-09-01
0421911Z;Ecole élémentaire Côte Chaude;ECOLE ELEMENTAIRE PUBLIQUE;COTE CHAUDE ELEMENTAIRE;Public;11  RUE DE LA ROCHE DU GEAI;;;42000;ST ETIENNE;Saint-Etienne;806624.0;6483630.3;EPSG:2154;45.44382140264075;4.363979522247504;Parfaite;Numéro de rue;151;ECOLE DE NIVEAU ELEMENTAIRE;1;OUVERT;42;84;10;42218;Loire;Auvergne-Rhône-Alpes;Lyon;45.4438214026,4.36397952225;99;SANS OBJET;06;MINISTERE DE L'EDUCATION NATIONALE;1985-09-01
0421947N;Ecole privée d'esthétique cosmétique Epec Darfeuille;ECOLE 2D DEGRE PROF.PRIVEE;EPEC-DARFEUILLE;Privé;5 place Jean Jaurès;;;42000;ST ETIENNE;Saint-Etienne;808341.4;6483295.7;EPSG:2154;45.44053966110081;4.385869640452595;Parfaite;Numéro de rue;320;LYCEE PROFESSIONNEL;1;OUVERT;42;84;10;42218;Loire;Auvergne-Rhône-Alpes;Lyon;45.4405396611,4.38586964045;10;HORS CONTRAT;06;MINISTERE DE L'EDUCATION NATIONALE;1986-09-01
0421950S;Ecole primaire Soleysel Descours;ECOLE PRIMAIRE;SOLEYSEL DESCOURS PRIMAIRE;Public;7 rue Saint Ennemond;;;42000;ST ETIENNE;Saint-Etienne;808025.9;6482606.1;EPSG:2154;45.434380832368994;4.381680350995059;Parfaite;Numéro de rue;151;ECOLE DE NIVEAU ELEMENTAIRE;1;OUVERT;42;84;10;42218;Loire;Auvergne-Rhône-Alpes;Lyon;45.4343808324,4.381680351;99;SANS OBJET;06;MINISTERE DE L'EDUCATION NATIONALE;1987-09-01
0420665V;Ecole maternelle Montreynaud-Molina;ECOLE MATERNELLE PUBLIQUE;MONTREYNAUD MOLINA MATERNELLE;Public;9 boulevard Antonio Vivaldi;;;42000;ST ETIENNE;Saint-Etienne;809262.8;6486240.4;EPSG:2154;45.466905157569144;4.3983204266370945;Parfaite;Numéro de rue;101;ECOLE MATERNELLE;1;OUVERT;42;84;10;42218;Loire;Auvergne-Rhône-Alpes;Lyon;45.4669051576,4.39832042664;99;SANS OBJET;06;MINISTERE DE L'EDUCATION NATIONALE;1965-07-16
0420675F;Ecole maternelle Tardy;ECOLE MATERNELLE PUBLIQUE;TARDY MATERNELLE;Public;2 boulevard Robert Maurice;;;42100;ST ETIENNE;Saint-Etienne;808129.7;6481904.2;EPSG:2154;45.428045123464244;4.382850505083027;Parfaite;Numéro de rue;101;ECOLE MATERNELLE;1;OUVERT;42;84;10;42218;Loire;Auvergne-Rhône-Alpes;Lyon;45.4280451235,4.38285050508;99;SANS OBJET;06;MINISTERE DE L'EDUCATION NATIONALE;1965-07-16
0420678J;Ecole maternelle Terrasse;ECOLE MATERNELLE PUBLIQUE;TERRASSE MATERNELLE;Public;15 rue Léon Lamaizière;;;42000;ST ETIENNE;Saint-Etienne;807869.4;6486186.7;EPSG:2154;45.46664244660352;4.380479654081542;Parfaite;Numéro de rue;101;ECOLE MATERNELLE;1;OUVERT;42;84;10;42218;Loire;Auvergne-Rhône-Alpes;Lyon;45.4666424466,4.38047965408;99;SANS OBJET;06;MINISTERE DE L'EDUCATION NATIONALE;1965-07-16
0420991Z;Lycée professionnel privé Le Marais Ste Thérèse - Lycée des métiers des technologies de la précision;LYCEE PROF PRIVE DES METIERS;LE MARAIS SAINTE THERESE;Privé;48 boulevard THIERS;;;42000;ST ETIENNE;Saint-Etienne;808592.3;6484549.7;EPSG:2154;45.45178998887245;4.389360625744274;Parfaite;Numéro de rue;320;LYCEE PROFESSIONNEL;1;OUVERT;42;84;10;42218;Loire;Auvergne-Rhône-Alpes;Lyon;45.4517899889,4.38936062574;30;CONTRAT D'ASSOCIATION TOUTES CLASSES;06;MINISTERE DE L'EDUCATION NATIONALE;1967-04-12
0421677V;Collège Claude Fauriel;COLLEGE;CLAUDE FAURIEL;Public;24 ter rue ROUGET DE LISLE;;;42000;ST ETIENNE;Saint-Etienne;808470.3;6483571.6;EPSG:2154;45.443003263344345;4.387580161645071;Parfaite;Numéro de rue;340;COLLEGE;1;OUVERT;42;84;10;42218;Loire;Auvergne-Rhône-Alpes;Lyon;45.4430032633,4.38758016165;99;SANS OBJET;06;MINISTERE DE L'EDUCATION NATIONALE;1977-03-07
0421807L;Maison Familiale Rurale de Saint-Etienne;MAISON FAMILIALE RURALE;DE ST ETIENNE;Privé;38  RUE DU DOCTEUR MICHELON;;;42100;ST ETIENNE;Saint-Etienne;811669.2;6480921.1;EPSG:2154;45.41862691234718;4.427879468797952;Correcte;Numéro de rue;380;MAISON FAMILIALE RURALE EDUCATION ORIENT;1;OUVERT;42;84;10;42218;Loire;Auvergne-Rhône-Alpes;Lyon;45.4186269123,4.4278794688;99;SANS OBJET;03;AGRICULTURE;1981-09-01
0421834R;Ecole primaire privée Sainte Anne;ECOLE PRIMAIRE PRIVEE;STE ANNE;Privé;22 rue ELISEE RECLUS;;;42000;ST ETIENNE;Saint-Etienne;808101.0;6483140.0;EPSG:2154;45.439175809415914;4.3827602737155935;Parfaite;Numéro de rue;151;ECOLE DE NIVEAU ELEMENTAIRE;1;OUVERT;42;84;10;42218;Loire;Auvergne-Rhône-Alpes;Lyon;45.4391758094,4.38276027372;10;HORS CONTRAT;06;MINISTERE DE L'EDUCATION NATIONALE;1981-07-17
0421867B;Ecole maternelle Berkeley;ECOLE MATERNELLE PUBLIQUE;BERKELEY MATERNELLE;Public;11  RUE DE LA VAPEUR;;;42100;ST ETIENNE;Saint-Etienne;808909.8;6481971.7;EPSG:2154;45.42852938277232;4.392840221607756;Correcte;Numéro de rue;101;ECOLE MATERNELLE;1;OUVERT;42;84;10;42218;Loire;Auvergne-Rhône-Alpes;Lyon;45.4285293828,4.39284022161;99;SANS OBJET;06;MINISTERE DE L'EDUCATION NATIONALE;1982-09-01
0422310H;Ecole primaire privée Cours La Fontaine;COURS LA FONTAINE;COURS LA FONTAINE;Privé;23 rue Flemming;;;42000;ST ETIENNE;Saint-Etienne;808661.1;6486839.2;EPSG:2154;45.47239197340371;4.390756562705759;Parfaite;Numéro de rue;151;ECOLE DE NIVEAU ELEMENTAIRE;1;OUVERT;42;84;10;42218;Loire;Auvergne-Rhône-Alpes;Lyon;45.4723919734,4.39075656271;10;HORS CONTRAT;06;MINISTERE DE L'EDUCATION NATIONALE;2016-09-01
